Episode,Reward
0,-34575.299999999974
1,-33684.19999999997
Episode,Reward
0,-35305.499999999985
